,property_id,property_type,region,transction_date_1,price_1,transaction_date_2,price_2,date_diff
0,100260,Single Family Dwelling,Capital,2023-01-25,1170733.35,2023-02-04,1172434.01,10
1,100260,Single Family Dwelling,Capital,2027-04-02,1461455.99,2027-04-11,1463366.53,9
2,100312,Condo,Metro Vancouver,2022-05-25,1088229.22,2022-07-03,1094395.27,39
3,101377,Townhouse,Nanaimo,2029-05-19,1216694.53,2029-07-27,1231319.73,69
4,101504,Townhouse,Metro Vancouver,2028-04-30,2218072.85,2028-05-29,2233143.12,29
5,101673,Condo,Metro Vancouver,2021-07-10,1000450.72,2021-10-06,1007899.93,88
6,101675,Townhouse,Metro Vancouver,2027-07-10,1336496.18,2027-10-04,1350610.85,86
7,102526,Single Family Dwelling,Thompson-Nicola,2027-09-10,1058552.65,2027-10-16,1064167.66,36
8,104503,Townhouse,Metro Vancouver,2024-10-18,992524.99,2024-10-21,993101.47,3
9,105288,Condo,Metro Vancouver,2029-09-24,1519274.22,2029-12-14,1539868.88,81
10,105643,Townhouse,Fraser Valley,2026-04-09,927286.74,2026-07-01,933477.27,83
11,105706,Condo,Metro Vancouver,2028-04-17,1781123.21,2028-07-11,1822416.79,85
12,106757,Single Family Dwelling,Metro Vancouver,2028-05-09,2081702.52,2028-07-30,2086297.17,82
13,106851,Condo,Capital,2027-08-30,906112.18,2027-11-12,918769.98,74
14,108081,Townhouse,Metro Vancouver,2028-05-29,1482558.02,2028-08-25,1493282.09,88
15,109337,Condo,Metro Vancouver,2025-04-22,2052365.02,2025-07-20,2085645.81,89
16,109727,Townhouse,Metro Vancouver,2028-09-11,1077633.25,2028-10-01,1082542.37,20
17,110355,Townhouse,Metro Vancouver,2021-01-17,1320517.42,2021-01-28,1322932.73,11
18,110859,Single Family Dwelling,Metro Vancouver,2029-06-08,1209877.76,2029-09-01,1230074.58,85
19,111228,Single Family Dwelling,Capital,2027-06-04,935657.02,2027-07-01,938702.87,27
20,112328,Condo,Metro Vancouver,2025-04-05,1437799.08,2025-05-07,1443794.28,32
21,113172,Condo,Metro Vancouver,2026-08-03,1203017.05,2026-08-03,1203017.05,0
22,114000,Condo,Metro Vancouver,2028-10-08,1413198.82,2028-12-13,1421016.25,66
23,114450,Condo,Fraser Valley,2029-04-17,813304.24,2029-06-10,817827.26,54
24,114924,Condo,Metro Vancouver,2024-06-24,576597.18,2024-08-28,581948.66,65
25,115435,Townhouse,Metro Vancouver,2022-11-27,1863759.08,2022-12-19,1872195.17,22
26,116937,Single Family Dwelling,Thompson-Nicola,2021-07-07,772483.95,2021-10-05,785511.33,90
27,117637,Townhouse,Metro Vancouver,2027-01-20,1107609.93,2027-02-26,1110962.65,37
28,117719,Single Family Dwelling,Metro Vancouver,2021-03-15,1125382.35,2021-05-24,1133356.44,70
29,117834,Townhouse,Thompson-Nicola,2028-05-09,803797.14,2028-06-12,806927.84,34
30,117923,Single Family Dwelling,Cappital,2020-06-17,520663.73,2020-07-12,522948.34,25
31,118140,Condo,Capital,2029-08-15,1330849.28,2029-10-19,1343465.22,65
32,118824,Single Family Dwelling,Metro Vancouver,2022-02-23,947620.48,2022-04-17,954514.76,53
33,120030,Condo,Metro Vancouver,2028-01-21,795825.06,2028-03-27,800733.8,66
34,120672,Townhouse,Thompson-Nicola,2026-05-13,1259304.04,2026-05-25,1262756.63,12
35,120692,Single Family Dwelling,Metro Vancouver,2029-05-30,2178707.15,2029-08-25,2218527.3,87
36,120858,Condo,Metro Vancouver,2022-04-29,809245.14,2022-06-25,813101.87,57
37,121092,Condo,Metro Vancouver,2027-12-28,1146842.84,2028-02-09,1154230.1,43
38,121729,Condo,Thompson-Nicola,2028-06-08,804716.87,2028-08-13,809412.98,66
39,123906,Townhouse,Thompson-Nicola,2023-12-01,856642.12,2024-01-12,863744.75,42
40,124611,Single Family Dwelling,Metro Vancouver,2027-04-02,1646161.92,2027-06-23,1659781.61,82
41,125319,Townhouse,Metro Vancouver,2022-07-26,907128.94,2022-08-10,908903.63,15
42,125322,Townhorse,Metro Vancouver,2024-08-25,1535303.0,2024-09-30,1546001.17,36
43,126559,Condo,Capital,2026-02-11,405389.03,2026-04-20,406668.22,68
44,127147,Single Family Dwelling,Cappital,2026-12-29,1136606.91,2027-01-12,1138604.75,14
45,127228,Townhouse,Metro Vancouver,2027-11-11,2854515.05,2027-12-05,2866653.16,24
46,127326,Townhouse,Metro Vancouver,2027-10-29,1842866.25,2027-12-27,1853582.01,59
47,128246,Condo,Capital,2028-07-29,790024.39,2028-10-26,799784.71,89
48,128469,Condo,Metro Vancouver,2026-11-15,1269914.38,2026-11-18,1270206.14,3
49,130032,Single Family Dwelling,Metro Vancouver,2027-01-12,1766954.54,2027-02-21,1781164.99,40
50,132227,Townhouse,Central Okanagan,2028-02-22,1377124.51,2028-05-06,1389439.31,74
51,133183,Townhouse,Metro Vancouver,2024-01-03,1397388.94,2024-02-23,1409430.65,51
52,134144,Townhouse,Capital,2029-02-16,1903434.11,2029-04-21,1930788.28,64
53,134259,Townhouse,Metro Vancouver,2024-04-15,1432973.04,2024-07-10,1446391.98,86
54,135064,Condo,Metro Vancouver,2029-08-17,2342385.3,2029-09-20,2360366.3,34
55,135327,Condo,Capital,2029-08-03,1283040.44,2029-09-28,1298994.09,56
56,135345,Single Family Dwelling,Metro Vancouver,2027-11-14,1867571.63,2027-12-29,1873980.6,45
57,135807,Townhouse,Metro Vancouver,2021-12-11,814957.29,2022-01-21,822089.41,41
58,137278,Single Family Dwelling,Metro Vancouver,2020-03-18,758820.26,2020-04-22,764447.14,35
59,137794,Condo,Central Okanagan,2028-05-28,1046232.68,2028-08-13,1066418.72,77
60,137985,Condo,Metro Vancouver,2022-09-17,1320440.92,2022-10-22,1330966.37,35
61,138004,Townhouse,Metro Vancouver,2026-07-17,806507.07,2026-08-06,807554.42,20
62,138398,Condo,Metro Vancouver,2024-07-09,1254371.02,2024-08-01,1257810.99,23
63,138413,Condo,Metro Vancouver,2027-12-11,1787749.24,2028-02-29,1809657.47,80
64,141577,Townhouse,Metro Vancouver,2029-05-04,1743750.97,2029-06-18,1755336.59,45
65,142096,Single Family Dwelling,Metro Vancouver,2020-12-25,838338.97,2021-02-14,842720.78,51
66,142165,Single Family Dwelling,Metro Vancouver,2029-01-11,1595142.75,2029-01-25,1597816.4,14
67,142306,Condo,Nanaimo,2027-08-03,657719.37,2027-10-20,663060.01,78
68,143630,Single Family Dwelling,Metro Vancouver,2026-07-26,2594184.89,2026-09-06,2618045.5,42
69,143908,Condo,Capital,2024-04-06,1162545.5,2024-06-28,1175172.4,83
70,144438,Townhouse,Metro Vancouver,2025-06-07,1621585.73,2025-08-29,1632568.83,83
71,144689,Townhouse,Capital,2022-09-10,1170547.55,2022-11-01,1177839.43,52
72,146294,Townhouse,Metro Vancouver,2026-05-09,1825886.66,2026-06-25,1839430.01,47
73,146800,Townhouse,Metro Vancouver,2023-10-17,1510081.76,2023-10-28,1513264.06,11
74,146912,Condo,Fraser Valley,2022-03-16,753122.12,2022-04-09,755674.25,24
75,149045,Townhouse,Metro Vancouver,2027-08-31,1806169.48,2027-10-12,1822435.19,42
76,150267,Condo,Nanaimo,2023-06-23,529482.14,2023-07-20,531726.91,27
77,150511,Condo,Capital,2026-10-28,742971.3,2026-11-06,744476.45,9
78,150793,Condo,Metro Vancouver,2026-05-18,1535762.03,2026-07-06,1552451.09,49
79,150803,Townhouse,Nanaimo,2028-07-06,635399.0,2028-07-27,636059.69,21
80,152875,Single Family Dwelling,Capital,2029-03-08,1675220.01,2029-04-10,1686553.88,33
81,153222,Condo,Metro Vancouver,2029-11-09,1065420.84,2029-12-12,1072135.07,33
82,153385,Condo,Metro Vancouver,2027-10-07,1441701.36,2027-12-01,1454092.25,55
83,153385,Condo,Metro Vancouver,2027-10-07,1441701.36,2028-01-02,1461350.44,87
84,153385,Condo,Metro Vancouver,2027-12-01,1454092.25,2028-01-02,1461350.44,32
85,154111,Condo,Capital,2029-04-19,1192604.7,2029-07-10,1209047.08,82
86,154260,Condo,Metro Vancouver,2020-08-22,730497.85,2020-11-15,733143.89,85
87,154492,Single Family Dwelling,Capital,2023-03-04,1027547.25,2023-05-14,1036610.07,71
88,155221,Townhouse,Cappital,2028-11-23,1315585.23,2029-01-09,1331767.25,47
89,157728,Townhouse,Thompson-Nicola,2028-10-15,967403.89,2029-01-04,976085.4,81
90,158130,Condo,Metro Vancouver,2028-05-17,1429266.85,2028-05-19,1429814.99,2
91,159448,Single Family Dwelling,Capital,2029-05-12,2254257.52,2029-06-08,2265235.53,27
92,159606,Single Family Dwelling,Metro Vancouver,2028-08-11,1620891.15,2028-11-04,1638508.2,85
93,161478,Condo,Capital,2021-04-01,582924.11,2021-04-12,583380.14,11
94,161565,Condo,Thompson-Nicola,2029-08-07,1287533.25,2029-09-22,1299420.96,46
95,161902,Condo,Fraser Valley,2028-05-01,1246968.9,2028-05-27,1252866.53,26
96,161972,Townhouse,Metro Vancouver,2021-03-08,1333182.3,2021-04-29,1346182.39,52
97,162291,Condo,Capital,2022-08-07,1188706.42,2022-09-28,1201789.87,52
98,162628,Single Family Dwelling,Central Okanagan,2023-10-30,673953.96,2023-11-16,675556.34,17
99,163725,Condo,Metro Vancouver,2029-07-09,2207160.33,2029-08-20,2228798.73,42
100,163844,Townhouse,Metro Vancouver,2028-09-24,1766100.1,2028-10-04,1768964.2,10
101,165088,Condo,Thompson-Nicola,2023-04-29,363926.99,2023-05-12,364431.89,13
102,165217,Condo,Metro Vancouver,2025-04-26,1215723.24,2025-04-27,1215953.4,1
103,165755,Condo,Metro Vancouver,2025-01-11,1471561.47,2025-04-02,1494946.85,81
104,166013,Single Family Dwelling,Metro Vancouver,2022-04-10,1330898.58,2022-04-11,1331093.35,1
105,166390,Single Family Dwelling,Metro Vancouver,2029-04-03,1644918.64,2029-05-27,1657488.92,54
106,166653,Single Family Dwelling,Capital,2028-04-23,1551740.48,2028-06-19,1566219.99,57
107,166753,Condo,Metro Vancouver,2028-04-26,857556.74,2028-05-28,861260.61,32
108,168452,Townhouse,Metro Vancouver,2029-09-09,2378710.54,2029-09-28,2386838.2,19
109,168608,Single Family Dwelling,Metro Vancouver,2026-02-06,1922816.26,2026-02-16,1924787.23,10
110,168630,Condo,Nanaimo,2028-02-12,919941.04,2028-04-03,931899.08,51
111,169096,Single Family Dwelling,Nanaimo,2025-08-24,1158040.75,2025-09-28,1165484.59,35
112,169688,Condo,Capital,2027-05-13,1265541.69,2027-07-24,1285705.04,72
113,170390,Condo,Fraser Valley,2023-02-09,595619.46,2023-04-01,599557.26,51
114,170479,Condo,Capital,2025-10-20,1021732.37,2025-11-23,1027801.35,34
115,171172,Townhorse,Metro Vancouver,2029-03-22,2853116.79,2029-05-31,2901015.42,70
116,171916,Condo,Nanaimo,2029-08-11,1202655.0,2029-10-14,1216976.62,64
117,171971,Single Family Dwelling,Metro Vancouver,2029-05-07,2977343.34,2029-07-02,3012178.96,56
118,174079,Townhouse,Central Okanagan,2029-02-19,1525340.72,2029-05-01,1544984.8,71
119,176599,Condo,Metro Vancouver,2021-07-10,624587.97,2021-09-14,629656.45,66
120,177452,Townhouse,Central Okanagan,2028-10-15,743199.19,2028-12-01,749220.88,47
121,177511,Condo,Metro Vancouver,2028-07-08,1390988.01,2028-09-29,1410866.84,83
122,178136,Condo,Metro Vancouver,2029-06-21,1104319.88,2029-08-01,1110248.6,41
123,178690,Single Family Dwelling,Metro Vancouver,2029-03-15,1904780.92,2029-05-28,1920861.55,74
124,178922,Condo,Central Okanagan,2025-11-13,621764.49,2026-02-11,629155.62,90
125,178982,Townhouse,Metro Vancouver,2029-03-07,1416278.61,2029-04-17,1420260.72,41
126,179171,Condo,Nanaimo,2029-04-01,1170866.23,2029-04-08,1172327.94,7
127,180761,Single Family Dwelling,Cappital,2022-09-06,696359.52,2022-09-16,697524.81,10
128,180982,Single Family Dwelling,Capital,2026-04-15,1840927.54,2026-04-22,1842919.55,7
129,182186,Townhorse,Nanaimo,2029-07-09,1173394.76,2029-08-28,1181748.98,50
130,182259,Townhouse,Nanaimo,2028-07-29,1271474.18,2028-09-02,1279330.67,35
131,182954,Single Family Dwelling,Central Okanagan,2027-05-14,1041030.14,2027-06-06,1047440.82,23
132,184344,Condo,Thompson-Nicola,2029-01-31,1270817.66,2029-04-26,1289102.36,85
133,184720,Townhouse,Central Okanagan,2028-07-22,583935.93,2028-10-03,588525.49,73
134,185759,Condo,Metro Vancouver,2026-10-01,2007095.38,2026-10-12,2011141.19,11
135,186140,Condo,Fraser Valley,2026-04-07,878042.36,2026-05-18,884603.63,41
136,187096,Condo,Nanaimo,2029-09-26,1068422.99,2029-10-14,1070441.36,18
137,187341,Townhouse,Metro Vancouver,2026-04-09,1152789.34,2026-05-05,1159697.62,26
138,187493,Townhouse,Fraser Valley,2028-01-09,499780.06,2028-02-26,504823.64,48
139,187837,Condo,Thompson-Nicola,2027-06-28,1277869.47,2027-07-12,1282307.39,14
140,188927,Single Family Dwelling,Capital,2023-11-18,1198707.38,2023-12-24,1209115.31,36
141,189112,Single Family Dwelling,Nanaimo,2029-08-29,975704.93,2029-10-31,982203.15,63
142,189760,Condo,Thompson-Nicola,2025-10-20,713936.03,2026-01-03,720907.87,75
143,189902,Condo,Metro Vancouver,2021-07-13,990098.06,2021-10-09,999090.61,88
144,190367,Single Family Dwelling,Fraser Valley,2027-12-16,1766378.92,2028-01-22,1782055.33,37
145,190519,Single Family Dwelling,Metro Vancouver,2023-02-20,1216583.52,2023-03-29,1230230.54,37
146,191110,Condo,Capital,2026-08-11,1608009.61,2026-09-01,1617527.92,21
147,193189,Townhouse,Nanaimo,2021-07-28,641947.73,2021-10-03,649579.45,67
148,193644,Condo,Thompson-Nicola,2024-04-19,560444.5,2024-05-06,560316.42,17
149,193837,Townhouse,Fraser Valley,2029-09-19,1644513.39,2029-12-10,1675641.39,82
150,194251,Condo,Metro Vancouver,2025-01-05,1262396.88,2025-02-03,1268235.33,29
151,195148,Single Family Dwelling,Central Okanagan,2029-07-07,1472261.39,2029-07-07,1472261.39,0
152,195417,Townhouse,Capital,2026-02-09,1236482.51,2026-03-30,1247999.66,49
153,196482,Condo,Capital,2020-04-20,968619.63,2020-06-27,977028.46,68
154,196641,Townhouse,Capital,2025-02-21,1388895.57,2025-05-09,1402944.16,77
155,197981,Condo,Metro Vancouver,2029-09-23,1320154.22,2029-10-20,1323914.62,27
156,198464,Single Family Dwelling,Nanaimo,2029-11-24,1593855.88,2029-11-26,1594264.94,2
157,198525,Condo,Central Okanagan,2025-04-08,929464.06,2025-04-12,930243.35,4
158,199565,Single Family Dwelling,Nanaimo,2026-10-12,1086022.0,2026-10-29,1089233.48,17
159,200861,Townhouse,Metro Vancouver,2027-03-30,2213715.72,2027-06-26,2258843.38,88
160,202032,Townhouse,Metro Vancouver,2028-04-09,1527521.04,2028-04-14,1528688.64,5
161,203483,Condo,Metro Vancouver,2029-10-07,1900064.44,2029-10-27,1904093.98,20
162,204261,Condo,Thompson-Nicola,2029-01-14,793515.51,2029-03-26,798686.6,71
163,204992,Condo,Nanaimo,2026-06-15,561228.01,2026-07-29,563415.93,44
164,205155,Condo,Metro Vancouver,2027-02-10,1256336.28,2027-04-18,1269783.05,67
165,206099,Single Family Dwelling,Central Okanagan,2029-09-18,641648.66,2029-11-02,642459.51,45
166,207244,Townhouse,Central Okanagan,2027-03-13,906169.17,2027-04-02,910621.38,20
167,207915,Condo,Metro Vancouver,2023-06-06,731065.67,2023-06-29,735130.35,23
168,208453,Condo,Metro Vancouver,2027-09-01,1450050.17,2027-11-21,1474380.47,81
169,209191,Single Family Dwelling,Metro Vancouver,2029-05-13,2216939.48,2029-07-08,2242363.35,56
170,209472,Condo,Metro Vancouver,2025-04-01,980557.46,2025-06-19,984232.65,79
171,210659,Condo,Metro Vancouver,2025-06-28,952652.53,2025-09-24,965017.15,88
172,212592,Condo,Thompson-Nicola,2028-07-16,1150167.94,2028-08-24,1157808.96,39
173,214417,Townhouse,Thompson-Nicola,2028-12-06,1252110.86,2029-03-06,1262242.1,90
174,214845,Condo,Metro Vancouver,2029-05-27,1169963.01,2029-07-26,1175533.74,60
175,214994,Condo,Metro Vancouver,2028-11-09,1504541.98,2028-12-23,1515120.88,44
176,215303,Townhouse,Nanaimo,2028-04-08,1009529.33,2028-06-17,1020194.32,70
177,215709,Condo,Metro Vancouver,2026-09-18,956467.47,2026-10-18,959884.13,30
178,216004,Townhouse,Metro Vancouver,2027-06-02,2041781.76,2027-06-11,2044757.25,9
179,216938,Condo,Metro Vancouver,2027-05-17,1261919.31,2027-07-10,1276655.4,54
180,219702,Townhouse,Metro Vancouver,2026-05-30,1523711.64,2026-06-04,1524948.88,5
181,219899,Single Family Dwelling,Metro Vancouver,2023-07-31,1152223.43,2023-08-28,1154415.88,28
182,220242,Townhouse,Metro Vancouver,2022-11-04,674331.79,2022-11-12,675244.09,8
183,220633,Condo,Metro Vancouver,2026-12-08,917850.15,2027-01-13,924024.73,36
184,222991,Condo,Central Okanagan,2026-11-17,995792.01,2027-02-10,1015706.76,85
185,225179,Single Family Dwelling,Metro Vancouver,2022-07-18,1467817.23,2022-09-23,1481377.95,67
186,226185,Single Family Dwelling,Metro Vancouver,2028-09-30,1324367.58,2028-10-24,1330668.17,24
187,227183,Townhouse,Central Okanagan,2029-05-18,641772.33,2029-07-23,648243.52,66
188,227746,Townhouse,Metro Vancouver,2029-12-12,845553.13,2029-12-30,847199.62,18
189,230159,Condo,Thompson-Nicola,2027-12-25,771220.47,2028-03-14,786389.15,80
190,230364,Condo,Metro Vancouver,2027-02-12,840519.11,2027-04-24,844755.94,71
191,231195,Townhouse,Central Okanagan,2028-10-16,601814.77,2028-11-04,602465.75,19
192,231448,Condo,Metro Vancouver,2028-03-14,1460299.55,2028-03-26,1463737.43,12
193,232294,Condo,Metro Vancouver,2029-09-21,1874002.61,2029-10-18,1880238.87,27
194,232444,Condo,Nanaimo,2022-12-15,677485.86,2023-02-12,681797.21,59
195,232455,Condo,Metro Vancouver,2029-10-30,1025469.85,2029-12-16,1031545.05,47
196,232849,Townhouse,Metro Vancouver,2021-05-22,1034518.34,2021-07-23,1046769.85,62
197,233416,Single Family Dwelling,Metro Vancouver,2024-09-03,1836780.6,2024-09-16,1840289.9,13
198,234068,Condo,Metro Vancouver,2028-10-03,1103227.46,2028-12-02,1115786.35,60
199,234670,Condo,Fraser Valley,2029-09-07,957834.66,2029-10-24,963866.95,47
200,235616,Condo,Thompson-Nicola,2025-09-15,898162.22,2025-11-18,908769.18,64
201,237703,Townhouse,Metro Vancouver,2024-07-19,2348534.23,2024-08-22,2369874.03,34
202,238416,Condo,Fraser Valley,2029-05-20,614150.92,2029-06-17,616710.3,28
203,239261,Condo,Thompson-Nicola,2028-08-17,1593073.99,2028-11-04,1624074.69,79
204,239725,Townhouse,Metro Vancouver,2029-09-09,1454772.89,2029-09-10,1455020.45,1
205,239805,Single Family Dwelling,Thompson-Nicola,2029-05-18,1090959.8,2029-07-26,1100198.48,69
206,239915,Townhouse,Capital,2029-01-24,1620327.21,2029-03-06,1629849.36,41
207,241104,Townhouse,Nanaimo,2029-05-27,1991277.31,2029-08-11,2025072.58,76
208,241336,Condo,Metro Vancouver,2022-02-11,777630.35,2022-04-19,781615.32,67
209,242305,Condo,Capital,2020-05-12,248750.89,2020-07-19,250562.16,68
210,243337,Single Family Dwelling,Metro Vancouver,2027-09-11,2647322.12,2027-10-20,2667464.7,39
211,244411,Condo,Metro Vancouver,2023-10-03,1397504.39,2023-12-12,1419229.3,70
212,245209,Condo,Metro Vancouver,2025-04-09,989167.43,2025-07-02,997766.63,84
213,245655,Townhouse,Metro Vancouver,2023-03-23,906681.35,2023-05-30,919836.72,68
214,246135,Condo,Capital,2022-08-04,761468.11,2022-09-27,766901.94,54
215,246176,Condo,Metro Vancouver,2029-03-16,1224137.31,2029-04-15,1228385.99,30
216,246223,Condo,Metro Vancouver,2023-12-06,690348.12,2023-12-30,692246.54,24
217,247595,Condo,Cappital,2029-05-26,1033467.81,2029-06-23,1037262.33,28
218,249604,Townhouse,Metro Vancouver,2025-06-30,1800094.18,2025-08-20,1811616.89,51
219,249871,Townhouse,Capital,2028-12-27,1508828.54,2029-01-29,1511414.42,33
220,249916,Townhouse,Metro Vancouver,2028-08-05,1361955.92,2028-10-24,1373510.54,80
221,250575,Condo,Metro Vancouver,2023-02-04,972479.73,2023-02-08,972810.59,4
222,250829,Condo,Capital,2029-01-25,684887.05,2029-02-21,688977.56,27
223,250930,Condo,Capital,2026-05-13,1032418.68,2026-06-22,1042123.1,40
224,250966,Townhouse,Nanaimo,2027-08-15,833454.87,2027-08-24,834953.17,9
225,251501,Condo,Metro Vancouver,2029-05-30,1537075.12,2029-07-31,1552632.81,62
226,251933,Single Family Dwelling,Metro Vancouver,2027-04-09,2128563.43,2027-04-30,2137677.69,21
227,253042,Townhouse,Fraser Valley,2023-05-26,804495.36,2023-06-09,805030.92,14
228,253438,Condo,Metro Vancouver,2027-10-11,1613334.49,2027-10-30,1618579.07,19
229,255115,Single Family Dwelling,Nanaimo,2027-04-26,1463271.92,2027-05-15,1468466.66,19
230,255485,Condo,Fraser Valley,2029-03-01,971051.53,2029-05-04,981172.52,64
231,255956,Condo,Metro Vancouver,2028-04-14,1596807.75,2028-04-28,1601671.97,14
232,255986,Townhouse,Metro Vancouver,2027-02-13,1621912.44,2027-02-27,1625939.58,14
233,256196,Townhouse,Metro Vancouver,2020-10-16,1427375.24,2020-10-22,1428946.39,6
234,259439,Single Family Dwelling,Thompson-Nicola,2028-06-22,1414828.87,2028-07-27,1423504.31,35
235,259711,Condo,Thompson-Nicola,2027-06-19,322112.45,2027-07-04,322662.89,15
236,259872,Condo,Metro Vancouver,2029-07-09,1526121.53,2029-08-01,1531608.09,23
237,260014,Condo,Metro Vancouver,2028-04-15,1969818.77,2028-05-28,1989464.24,43
238,260781,Condo,Metro Vancouver,2029-06-04,1323689.92,2029-08-15,1339738.68,72
239,261278,Single Family Dwelling,Nanaimo,2029-09-22,619550.89,2029-11-08,619995.26,47
240,261440,Condo,Metro Vancouver,2029-06-13,2078176.78,2029-07-08,2092176.2,25
241,261691,Single Family Dwelling,Metro Vancouver,2029-04-22,1753114.17,2029-05-30,1758437.09,38
242,261841,Townhouse,Metro Vancouver,2028-05-05,851050.29,2028-05-10,851068.5,5
243,262018,Townhouse,Capital,2022-10-08,529676.49,2022-12-01,535051.45,54
244,262048,Condo,Capital,2029-11-13,1297107.18,2029-11-19,1298296.62,6
245,262187,Townhouse,Metro Vancouver,2029-10-12,1502916.34,2029-12-03,1515727.12,52
246,262831,Single Family Dwelling,Nanaimo,2026-07-25,711319.53,2026-10-17,722049.86,84
247,262853,Condo,Fraser Valley,2024-05-02,784742.46,2024-05-27,787283.59,25
248,263890,Single Family Dwelling,Metro Vancouver,2028-10-16,2865515.84,2028-12-10,2901368.3,55
249,263893,Condo,Central Okanagan,2028-07-11,574335.1,2028-08-13,576810.33,33
250,264593,Single Family Dwelling,Nanaimo,2024-09-08,1476039.3,2024-11-18,1494647.42,71
251,265770,Single Family Dwelling,Metro Vancouver,2028-07-04,2621706.95,2028-07-17,2626439.32,13
252,266509,Townhouse,Metro Vancouver,2029-01-04,1948315.08,2029-02-08,1958249.85,35
253,266751,Single Family Dwelling,Nanaimo,2029-09-10,1579884.99,2029-11-25,1597631.36,76
254,266853,Condo,Metro Vancouver,2021-09-19,1165031.45,2021-11-22,1171607.55,64
255,267133,Condo,Metro Vancouver,2028-01-05,1137813.19,2028-02-29,1149955.0,55
256,269048,Condo,Metro Vancouver,2029-07-27,1054966.39,2029-10-13,1062751.34,78
257,271199,Townhouse,Capital,2027-04-11,1214870.53,2027-04-23,1217194.41,12
258,271316,Condo,Central Okanagan,2028-11-22,1264308.34,2029-01-31,1287246.79,70
259,272062,Condo,Metro Vancouver,2029-09-20,1319787.41,2029-12-19,1334076.76,90
260,272666,Townhouse,Capital,2027-06-01,1509250.39,2027-07-03,1516974.42,32
261,274099,Single Family Dwelling,Cappital,2029-05-16,947351.68,2029-07-23,955431.53,68
262,275147,Townhouse,Capital,2022-10-12,897806.62,2022-10-27,899080.77,15
263,276223,Townhouse,Fraser Valley,2024-09-22,637830.27,2024-09-23,637915.63,1
264,276680,Single Family Dwelling,Fraser Valley,2024-05-12,1120138.74,2024-08-10,1136253.85,90
265,276888,Townhouse,Capital,2028-10-28,2175459.32,2029-01-09,2212556.03,73
266,277448,Townhorse,Capital,2028-08-10,1503866.55,2028-09-11,1512586.03,32
267,277958,Condo,Metro Vancouver,2023-02-28,724299.73,2023-04-13,726596.71,44
268,278444,Condo,Metro Vancouver,2025-07-04,1535408.37,2025-09-12,1554533.57,70
269,278547,Townhouse,Metro Vancouver,2022-07-12,1365625.4,2022-09-07,1383505.44,57
270,280694,Condo,Fraser Valley,2025-05-14,848165.67,2025-07-11,860690.13,58
271,280707,Townhouse,Fraser Valley,2028-03-23,1829198.45,2028-06-02,1859449.66,71
272,281138,Condo,Nanaimo,2027-08-02,1095900.41,2027-08-10,1097333.32,8
273,282543,Townhouse,Metro Vancouver,2028-09-29,2477548.15,2028-12-14,2519327.06,76
274,283082,Townhouse,Metro Vancouver,2024-01-02,888338.25,2024-03-30,893680.92,88
275,283337,Condo,Metro Vancouver,2027-12-29,1278892.93,2028-03-03,1290517.05,65
276,283453,Single Family Dwelling,Thompson-Nicola,2029-07-27,733994.26,2029-09-07,739195.42,42
277,283570,Townhouse,Fraser Valley,2029-08-06,784642.03,2029-09-05,787939.05,30
278,284485,Condo,Central Okanagan,2025-12-02,823218.83,2025-12-09,824211.37,7
279,284538,Single Family Dwelling,Fraser Valley,2028-06-20,1836011.53,2028-06-21,1836459.59,1
280,285328,Condo,Nanaimo,2028-11-04,1000978.97,2028-11-15,1002457.28,11
281,285561,Townhouse,Metro Vancouver,2029-07-19,1772811.57,2029-08-11,1777702.04,23
282,286319,Single Family Dwelling,Metro Vancouver,2029-08-25,2933841.52,2029-10-05,2954887.42,41
283,287741,Single Family Dwelling,Metro Vancouver,2028-01-03,1348071.86,2028-02-17,1354256.04,45
284,288014,Condo,Metro Vancouver,2029-02-15,1298195.79,2029-04-29,1308759.58,73
285,288280,Condo,Metro Vancouver,2025-10-29,857129.5,2025-11-10,858281.0,12
286,290026,Townhouse,Fraser Valley,2021-07-01,564061.66,2021-09-05,570690.07,66
287,290668,Single Family Dwelling,Metro Vancouver,2024-08-29,1091572.03,2024-11-03,1099677.78,66
288,290981,Single Family Dwelling,Metro Vancouver,2023-09-24,1334697.43,2023-12-07,1352183.03,74
289,292448,Condo,Metro Vancouver,2027-11-28,1669559.14,2028-01-11,1682638.14,44
290,292465,Single Family Dwelling,Metro Vancouver,2025-06-23,1449971.53,2025-07-02,1452637.06,9
291,293066,Townhouse,Fraser Valley,2027-03-14,910915.44,2027-04-25,917269.04,42
292,293200,Condo,Nanaimo,2026-02-17,869642.3,2026-03-24,874954.35,35
293,294213,Single Family Dwelling,Nanaimo,2020-09-11,460183.69,2020-11-03,461696.23,53
294,294617,Townhouse,Metro Vancouver,2021-11-26,897534.64,2021-12-07,899172.6,11
295,295049,Condo,Metro Vancouver,2026-12-14,1583594.17,2027-01-08,1592229.49,25
296,295094,Single Family Dwelling,Central Okanagan,2029-03-08,1213142.42,2029-04-21,1220855.99,44
297,299081,Condo,Nanaimo,2029-10-05,976937.2,2029-10-09,977340.63,4
298,299512,Single Family Dwelling,Metro Vancouver,2026-07-15,1748098.15,2026-09-18,1767198.66,65
299,300372,Single Family Dwelling,Central Okanagan,2023-03-19,629010.86,2023-04-10,631386.9,22
300,300947,Single Family Dwelling,Nanaimo,2028-06-18,1014788.12,2028-09-06,1024692.61,80
301,301252,Condo,Metro Vancouver,2025-04-21,1322591.67,2025-07-17,1334623.9,87
302,301579,Condo,Metro Vancouver,2025-10-18,1867706.55,2026-01-10,1897510.04,84
303,301674,Condo,Capital,2023-11-05,736132.07,2024-01-24,747138.62,80
304,301868,Condo,Capital,2029-10-16,916978.11,2029-12-14,922336.97,59
305,302656,Condo,Thompson-Nicola,2028-09-25,761055.21,2028-12-09,768061.29,75
306,302764,Condo,Capital,2028-08-08,1544088.73,2028-09-21,1558919.25,44
307,303123,Condo,Metro Vancouver,2029-09-27,1112340.18,2029-10-04,1113214.91,7
308,303672,Condo,Metro Vancouver,2028-04-28,764962.28,2028-05-19,766861.1,21
309,304447,Single Family Dwelling,Metro Vancouver,2029-01-08,1608263.09,2029-01-13,1609383.27,5
310,306118,Single Family Dwelling,Metro Vancouver,2028-08-29,1322203.5,2028-10-17,1332971.53,49
311,306865,Condo,Metro Vancouver,2027-04-01,1778549.9,2027-04-17,1784577.93,16
312,306983,Condo,Fraser Valley,2028-09-06,707823.45,2028-12-02,713380.21,87
313,309501,Townhouse,Metro Vancouver,2027-02-10,1371249.11,2027-04-18,1387514.36,67
314,310799,Townhouse,Nanaimo,2027-07-18,591942.98,2027-08-13,593608.98,26
315,312555,Townhouse,Metro Vancouver,2020-05-03,1639413.77,2020-06-14,1650087.93,42
316,312927,Single Family Dwelling,Metro Vancouver,2029-08-12,4061625.72,2029-09-08,4086420.98,27
317,313119,Single Family Dwelling,Nanaimo,2021-07-06,749264.04,2021-08-30,752694.58,55
318,313121,Townhouse,Nanaimo,2029-08-05,1501795.57,2029-11-03,1530811.99,90
319,314824,Condo,Metro Vancouver,2029-06-20,1525257.24,2029-08-29,1539673.62,70
320,315195,Townhouse,Thompson-Nicola,2029-03-02,1225518.58,2029-03-06,1226559.77,4
321,315645,Condo,Metro Vancouver,2029-04-01,1206398.22,2029-05-13,1215613.91,42
322,315869,Townhouse,Metro Vancouver,2023-06-13,1236313.13,2023-07-01,1240551.08,18
323,316601,Condo,Metro Vancouver,2029-08-10,1631649.25,2029-09-15,1642927.75,36
324,318168,Single Family Dwelling,Capital,2025-06-02,2020445.33,2025-08-25,2052947.15,84
325,318183,Condo,Central Okanagan,2021-04-24,769527.58,2021-06-25,772584.6,62
326,319122,Condo,Metro Vancouver,2026-01-15,1406059.73,2026-02-09,1412866.43,25
327,319243,Condo,Capital,2028-07-08,1523331.5,2028-08-31,1540152.72,54
328,320131,Condo,Nanaimo,2026-06-24,709654.39,2026-07-31,714755.68,37
329,320424,Condo,Metro Vancouver,2029-10-16,2164982.16,2029-10-25,2167937.66,9
330,320988,Single Family Dwelling,Metro Vancouver,2029-04-12,2063872.68,2029-06-27,2083147.13,76
331,321014,Townhouse,Metro Vancouver,2023-05-15,1159190.51,2023-07-23,1172463.75,69
332,321706,Single Family Dwelling,Nanaimo,2029-03-18,916727.62,2029-04-02,918558.55,15
333,322157,Single Family Dwelling,Metro Vancouver,2029-10-19,2971078.8,2029-11-18,2983704.41,30
334,322213,Condo,Metro Vancouver,2026-01-28,1617010.4,2026-03-21,1633532.97,52
335,322413,Condo,Metro Vancouver,2022-11-01,1241555.38,2022-12-07,1250336.47,36
336,323229,Townhouse,Metro Vancouver,2026-03-05,2108917.96,2026-05-05,2143931.7,61
337,324718,Condo,Thompson-Nicola,2026-02-01,695388.16,2026-03-19,699573.37,46
338,325700,Condo,Capital,2029-01-09,808575.71,2029-02-25,810540.13,47
339,325826,Townhouse,Metro Vancouver,2029-06-19,1941986.3,2029-06-30,1945153.87,11
340,327053,Condo,Metro Vancouver,2029-07-03,1298172.3,2029-07-25,1299946.09,22
341,327325,Single Family Dwelling,Metro Vancouver,2020-09-08,1302700.1,2020-11-25,1316777.09,78
342,327363,Townhouse,Metro Vancouver,2027-06-19,1654952.9,2027-07-28,1661447.98,39
343,330365,Condo,Cappital,2024-12-16,394581.56,2024-12-24,394929.67,8
344,331518,Condo,Metro Vancouver,2027-12-26,1045269.56,2028-01-14,1047823.84,19
345,333091,Condo,Central Okanagan,2026-07-21,824159.95,2026-10-11,833720.0,82
346,333349,Townhouse,Central Okanagan,2022-08-17,762258.62,2022-09-29,770517.67,43
347,333862,Condo,Metro Vancouver,2027-10-09,1593590.98,2027-10-17,1595116.14,8
348,334672,Townhouse,Metro Vancouver,2026-10-13,1165258.59,2026-12-30,1174241.58,78
349,336086,Townhouse,Capital,2025-08-25,1241471.68,2025-09-18,1246799.89,24
350,336205,Condo,Fraser Valley,2029-03-16,495164.36,2029-04-07,496320.19,22
351,337545,Townhouse,Metro Vancouver,2028-08-29,1410374.12,2028-10-04,1416814.57,36
352,337877,Single Family Dwelling,Thompson-Nicola,2026-01-19,1461312.15,2026-04-06,1482251.39,77
353,338174,Condo,Metro Vancouver,2025-08-16,872828.82,2025-09-09,875248.22,24
354,338476,Single Family Dwelling,Metro Vancouver,2028-11-25,3428926.53,2029-01-14,3463899.21,50
355,338958,Condo,Metro Vancouver,2025-04-16,813472.47,2025-04-22,813999.9,6
356,340788,Condo,Capital,2023-11-30,1031046.1,2024-01-25,1042350.01,56
357,341122,Condo,Nanaimo,2023-07-17,736016.89,2023-08-07,737461.37,21
358,341131,Condo,Metro Vancouver,2029-01-08,1222795.36,2029-04-06,1247829.97,88
359,341207,Single Family Dwelling,Metro Vancouver,2029-03-22,1387822.63,2029-04-09,1390435.12,18
360,341710,Townhouse,Metro Vancouver,2027-08-01,1750438.47,2027-10-03,1763647.71,63
361,342539,Townhouse,Nanaimo,2028-05-30,1229124.94,2028-07-21,1237581.11,52
362,343899,Single Family Dwelling,Metro Vancouver,2029-01-28,1844755.61,2029-02-03,1845563.84,6
363,345109,Single Family Dwelling,Fraser Valley,2025-06-15,1150297.26,2025-06-18,1150907.48,3
364,346733,Townhouse,Nanaimo,2028-10-16,674477.59,2029-01-12,676157.33,88
365,347097,Townhouse,Nanaimo,2025-11-04,1020516.37,2025-12-28,1031643.54,54
366,347834,Condo,Metro Vancouver,2029-02-07,1787088.12,2029-02-23,1793402.01,16
367,351432,Single Family Dwelling,Cappital,2028-08-24,1128146.02,2028-09-10,1132519.71,17
368,352971,Single Family Dwelling,Metro Vancouver,2028-09-19,2426130.03,2028-09-29,2430105.11,10
369,353977,Single Family Dwelling,Metro Vancouver,2023-05-28,1597999.16,2023-05-31,1598851.69,3
370,354701,Single Family Dwelling,Metro Vancouver,2025-05-05,2014072.65,2025-05-27,2022236.91,22
371,356322,Condo,Metro Vancouver,2025-03-20,1885434.3,2025-04-21,1897026.47,32
372,358637,Single Family Dwelling,Metro Vancouver,2023-09-23,1493068.51,2023-11-12,1505676.93,50
373,360895,Single Family Dwelling,Capital,2026-01-18,1024822.57,2026-03-12,1027767.76,53
374,361607,Townhouse,Metro Vancouver,2028-03-09,1681294.98,2028-03-10,1681448.4,1
375,362789,Single Family Dwelling,Metro Vancouver,2025-08-08,1467928.15,2025-08-28,1473073.66,20
376,363001,Townhouse,Central Okanagan,2025-11-28,1080145.64,2026-02-17,1094001.29,81
377,363033,Single Family Dwelling,Capital,2028-09-19,1654991.11,2028-09-29,1657551.25,10
378,363630,Townhouse,Metro Vancouver,2023-04-12,1508772.25,2023-06-12,1519848.62,61
379,363781,Condo,Nanaimo,2028-01-15,589945.44,2028-04-06,599431.64,82
380,365032,Condo,Metro Vancouver,2022-02-05,984476.98,2022-02-16,985817.51,11
381,366639,Single Family Dwelling,Metro Vancouver,2028-06-12,1886055.24,2028-08-02,1900232.74,51
382,368893,Single Family Dwelling,Metro Vancouver,2028-11-05,1768138.91,2028-11-20,1770204.28,15
383,369161,Condo,Nanaimo,2023-03-24,470749.32,2023-05-14,475608.98,51
384,370317,Condo,Metro Vancouver,2028-02-22,1607135.36,2028-03-19,1615663.02,26
385,370605,Condo,Metro Vancouver,2025-09-15,1692039.02,2025-09-20,1693551.52,5
386,371823,Single Family Dwelling,Metro Vancouver,2028-09-09,1755675.45,2028-09-10,1755931.23,1
387,372324,Townhouse,Central Okanagan,2027-05-14,686080.38,2027-07-04,693533.79,51
388,374471,Townhouse,Metro Vancouver,2027-09-07,589327.83,2027-10-11,589107.69,34
389,377328,Single Family Dwelling,Central Okanagan,2020-11-03,485816.43,2020-11-07,486033.01,4
390,377419,Townhouse,Metro Vancouver,2027-04-04,2373381.35,2027-05-15,2401388.97,41
391,377809,Condo,Metro Vancouver,2026-11-06,1313132.82,2026-11-20,1316649.13,14
392,379962,Townhouse,Nanaimo,2021-10-28,821000.3,2021-11-21,824236.27,24
393,380170,Townhorse,Metro Vancouver,2027-11-14,2122163.59,2028-02-10,2159611.78,88
394,381026,Townhouse,Capital,2027-03-29,1507274.33,2027-05-29,1516310.4,61
395,381238,Condo,Metro Vancouver,2023-03-29,1178247.62,2023-06-17,1190342.52,80
396,383788,Single Family Dwelling,Metro Vancouver,2022-03-29,1468395.98,2022-06-18,1487049.1,81
397,384794,Townhouse,Metro Vancouver,2025-05-03,1501672.16,2025-05-27,1507329.26,24
398,385351,Townhouse,Capital,2026-01-10,1069370.7,2026-01-13,1069880.66,3
399,386277,Condo,Metro Vancouver,2024-06-29,1239072.16,2024-08-06,1249569.78,38
400,386596,Condo,Central Okanagan,2028-09-23,702225.65,2028-11-10,707502.18,48
401,386853,Condo,Metro Vancouver,2025-12-02,875501.53,2026-02-04,888503.43,64
402,388426,Condo,Metro Vancouver,2028-06-11,2364022.56,2028-07-26,2385632.84,45
403,389083,Condo,Nanaimo,2021-11-03,746529.69,2022-01-24,760979.84,82
404,389113,Single Family Dwelling,Metro Vancouver,2026-08-01,1240888.78,2026-08-13,1241932.46,12
405,389237,Condo,Capital,2024-07-23,1240883.2,2024-09-27,1262478.31,66
406,389326,Condo,Metro Vancouver,2021-07-12,1053538.65,2021-09-17,1063136.55,67
407,389723,Single Family Dwelling,Metro Vancouver,2028-07-04,2455935.95,2028-07-24,2462242.29,20
408,390368,Condo,Nanaimo,2027-01-15,798628.31,2027-03-09,803442.63,53
409,390709,Condo,Metro Vancouver,2028-04-29,1322188.77,2028-07-17,1337264.96,79
410,391335,Condo,Central Okanagan,2027-03-16,1091483.54,2027-03-20,1092346.31,4
411,392391,Single Family Dwelling,Metro Vancouver,2021-03-03,1099391.52,2021-05-06,1111793.17,64
412,392886,Single Family Dwelling,Capital,2024-05-21,1303951.65,2024-06-05,1306633.22,15
413,395907,Condo,Metro Vancouver,2028-06-21,1593992.75,2028-09-11,1617109.18,82
414,398660,Single Family Dwelling,Nanaimo,2026-03-30,1204359.12,2026-05-05,1211680.71,36
415,399086,Condo,Capital,2027-09-09,1322676.81,2027-10-28,1335676.39,49
416,400714,Condo,Metro Vancouver,2027-01-10,1622901.14,2027-02-11,1633433.39,32
417,407432,Condo,Central Okanagan,2020-03-06,603695.15,2020-04-02,607834.61,27
418,409605,Single Family Dwelling,Cappital,2027-07-27,1447454.76,2027-09-14,1461416.68,49
419,409621,Townhouse,Capital,2023-12-30,1337272.04,2024-03-23,1355962.55,84
420,410409,Condo,Metro Vancouver,2021-08-14,1285163.06,2021-08-17,1285600.9,3
421,410430,Single Family Dwelling,Metro Vancouver,2020-02-06,1196505.6,2020-03-16,1201965.94,39
422,412137,Single Family Dwelling,Metro Vancouver,2023-09-10,852335.4,2023-09-17,853131.65,7
423,412910,Townhouse,Metro Vancouver,2025-05-23,1267246.72,2025-08-15,1289984.34,84
424,412968,Townhouse,Metro Vancouver,2020-02-05,876172.44,2020-03-29,887332.63,53
425,413425,Condo,Metro Vancouver,2023-05-16,1463684.41,2023-08-03,1477495.94,79
426,413845,Condo,Metro Vancouver,2023-03-04,888613.79,2023-03-15,890641.82,11
427,414948,Single Family Dwelling,Metro Vancouver,2027-09-04,2056841.97,2027-09-07,2057748.97,3
428,415283,Condo,Metro Vancouver,2027-11-15,1090524.11,2027-11-25,1092081.42,10
429,415496,Condo,Metro Vancouver,2026-09-14,1439457.36,2026-10-08,1444875.58,24
430,418417,Condo,Metro Vancouver,2021-08-20,648346.49,2021-10-11,651007.16,52
431,423196,Townhouse,Metro Vancouver,2023-09-17,1564985.99,2023-11-22,1584857.02,66
432,426309,Condo,Metro Vancouver,2027-04-14,1131468.16,2027-07-06,1145788.49,83
433,426674,Condo,Nanaimo,2026-12-27,691797.35,2027-02-21,697673.59,56
434,428064,Condo,Capital,2023-10-07,731405.94,2023-12-27,740360.27,81
435,428646,Condo,Metro Vancouver,2026-07-02,998119.62,2026-08-13,1001407.37,42
436,428790,Condo,Metro Vancouver,2026-10-27,1112922.0,2026-12-09,1121200.11,43
437,428820,Townhouse,Thompson-Nicola,2020-12-16,835495.75,2021-03-04,847017.81,78
438,430526,Single Family Dwelling,Metro Vancouver,2023-10-03,1295696.53,2023-12-16,1304172.29,74
439,431338,Condo,Thompson-Nicola,2027-08-10,830182.92,2027-10-06,838940.21,57
440,431389,Townhouse,Metro Vancouver,2026-04-08,2323142.52,2026-04-22,2330156.29,14
441,431635,Townhouse,Metro Vancouver,2026-09-10,1766713.24,2026-11-01,1785698.39,52
442,432168,Condo,Metro Vancouver,2026-11-04,1317761.62,2027-02-01,1331517.5,89
443,432663,Condo,Capital,2021-11-19,783946.27,2022-01-09,789538.11,51
444,432845,Single Family Dwelling,Metro Vancouver,2023-07-26,1646300.35,2023-09-22,1666874.65,58
445,433263,Condo,Fraser Valley,2027-09-27,988375.57,2027-11-15,997725.7,49
446,434175,Condo,Metro Vancouver,2024-04-21,1294072.87,2024-05-22,1297852.11,31
447,434928,Condo,Metro Vancouver,2027-09-27,1778736.54,2027-10-16,1785144.66,19
448,435110,Townhouse,Capital,2024-01-10,542576.69,2024-02-09,544169.42,30
449,435296,Single Family Dwelling,Capital,2024-03-05,1019845.1,2024-05-07,1026746.02,63
450,436206,Condo,Nanaimo,2023-08-31,978663.81,2023-10-01,983141.16,31
451,437318,Condo,Metro Vancouver,2020-11-20,967418.19,2021-02-06,978406.66,78
452,439126,Condo,Capital,2023-09-14,1198335.77,2023-10-03,1203216.66,19
453,439137,Townhouse,Metro Vancouver,2021-08-24,827335.42,2021-10-13,831818.79,50
454,440335,Condo,Metro Vancouver,2024-10-17,930376.13,2024-12-16,933540.71,60
455,440428,Condo,Metro Vancouver,2023-10-30,822673.45,2023-11-20,825330.52,21
456,442228,Condo,Metro Vancouver,2027-02-02,1269917.84,2027-02-27,1276735.6,25
457,442826,Single Family Dwelling,Metro Vancouver,2021-04-26,1846500.84,2021-05-25,1858594.85,29
458,443633,Townhouse,Nanaimo,2027-05-04,714813.6,2027-07-03,720714.74,60
459,445943,Townhorse,Metro Vancouver,2026-09-14,2246206.36,2026-11-27,2268142.76,74
460,446460,Condo,Fraser Valley,2027-09-09,960504.4,2027-10-24,969835.47,45
461,447275,Townhouse,Thompson-Nicola,2027-06-19,1153851.69,2027-08-06,1158969.15,48
462,448093,Condo,Metro Vancouver,2023-07-02,1429979.36,2023-07-21,1433689.96,19
463,449186,Condo,Metro Vancouver,2022-04-01,1307032.86,2022-04-26,1312129.9,25
464,450558,Single Family Dwelling,Fraser Valley,2024-09-28,874579.24,2024-10-14,876936.97,16
465,454217,Townhouse,Metro Vancouver,2024-02-10,427415.13,2024-05-08,429771.27,88
466,455673,Condo,Thompson-Nicola,2023-09-22,517524.32,2023-11-06,520875.46,45
467,458179,Single Family Dwelling,Central Okanagan,2025-08-20,1292745.37,2025-10-08,1302163.61,49
468,459532,Single Family Dwelling,Central Okanagan,2020-09-23,1080393.12,2020-09-30,1082322.82,7
469,460445,Single Family Dwelling,Thompson-Nicola,2024-02-20,1010534.48,2024-03-22,1017040.95,31
470,462700,Condo,Metro Vancouver,2024-01-01,801123.17,2024-02-28,808479.62,58
471,465543,Single Family Dwelling,Nanaimo,2021-12-07,1190358.49,2022-01-12,1199727.03,36
472,465797,Condo,Metro Vancouver,2020-12-12,1087550.06,2021-02-12,1092680.4,62
473,466144,Townhouse,Metro Vancouver,2025-05-19,1412438.52,2025-08-02,1429544.32,75
474,466434,Single Family Dwelling,Metro Vancouver,2022-05-01,2294658.8,2022-05-20,2307069.56,19
475,468249,Single Family Dwelling,Metro Vancouver,2024-02-20,2363880.36,2024-04-07,2378446.52,47
476,468592,Condo,Metro Vancouver,2025-09-25,1551119.05,2025-12-10,1564843.37,76
477,469684,Condo,Fraser Valley,2025-05-26,1018097.04,2025-05-28,1018555.58,2
478,471482,Condo,Metro Vancouver,2024-05-22,1211094.0,2024-05-27,1211923.21,5
479,472062,Townhouse,Capital,2026-06-23,1425774.54,2026-07-02,1427724.96,9
480,472915,Single Family Dwelling,Fraser Valley,2026-01-17,788132.91,2026-01-28,790139.34,11
481,473886,Single Family Dwelling,Thompson-Nicola,2025-11-08,806010.48,2025-12-10,806523.84,32
482,475377,Condo,Metro Vancouver,2021-10-01,914653.44,2021-10-18,917005.56,17
483,477245,Single Family Dwelling,Metro Vancouver,2020-11-09,1672433.1,2020-11-19,1672500.92,10
484,477759,Single Family Dwelling,Metro Vancouver,2020-06-02,1325327.08,2020-06-20,1329447.14,18
485,478479,Condo,Central Okanagan,2020-05-23,584477.01,2020-08-12,593963.29,81
486,478745,Condo,Metro Vancouver,2026-05-08,1460499.73,2026-07-10,1473785.57,63
487,483249,Condo,Metro Vancouver,2020-11-17,1077664.98,2021-01-06,1087063.36,50
488,486473,Condo,Metro Vancouver,2025-02-11,877739.75,2025-03-13,881346.02,30
489,489191,Townhouse,Metro Vancouver,2020-01-30,756295.35,2020-04-26,770371.41,87
490,489867,Single Family Dwelling,Metro Vancouver,2020-06-17,1374350.14,2020-08-28,1393820.78,72
491,492023,Townhouse,Metro Vancouver,2025-08-02,2061157.07,2025-09-12,2076392.25,41
492,492431,Condo,Metro Vancouver,2024-09-18,916173.17,2024-09-25,916889.67,7
493,492694,Townhouse,Capital,2020-04-13,934297.8,2020-05-14,937647.29,31
494,494008,Condo,Metro Vancouver,2026-05-25,985263.88,2026-08-05,998086.34,72
495,494512,Single Family Dwelling,Metro Vancouver,2026-05-29,1535113.75,2026-08-15,1557495.22,78
496,497371,Condo,Fraser Valley,2024-12-24,296882.53,2025-01-27,298826.25,34
497,497660,Single Family Dwelling,Metro Vancouver,2021-12-27,1386508.34,2022-01-02,1387635.22,6
498,499589,Condo,Metro Vancouver,2025-04-06,1193000.34,2025-06-13,1202696.04,68
499,500415,Condo,Thompson-Nicola,2025-09-26,523439.03,2025-10-26,524826.18,30
500,501289,Townhouse,Metro Vancouver,2021-03-26,1193456.63,2021-04-11,1197349.69,16
501,501586,Single Family Dwelling,Thompson-Nicola,2022-03-09,592430.75,2022-05-01,597422.32,53
502,502059,Single Family Dwelling,Metro Vancouver,2023-08-13,2105380.73,2023-09-21,2117630.45,39
503,503163,Townhouse,Fraser Valley,2025-09-24,1056854.06,2025-12-05,1068231.9,72
504,504698,Condo,Metro Vancouver,2021-07-16,1101100.28,2021-09-29,1112573.14,75
505,507403,Condo,Cappital,2025-05-27,439725.01,2025-05-29,439895.41,2
506,509823,Condo,Capital,2025-01-23,864596.36,2025-04-13,874422.1,80
507,513336,Condo,Metro Vancouver,2024-12-16,1356828.39,2025-03-05,1379992.01,79
508,515947,Condo,Metro Vancouver,2024-08-22,756003.97,2024-10-25,764851.99,64
509,517250,Single Family Dwelling,Metro Vancouver,2020-02-20,1846011.44,2020-05-05,1864398.31,75
510,520190,Townhouse,Thompson-Nicola,2024-08-12,1229658.69,2024-11-01,1245716.43,81
511,520592,Townhouse,Fraser Valley,2025-08-12,871322.69,2025-09-22,876675.02,41
512,523510,Townhouse,Thompson-Nicola,2022-07-14,536020.43,2022-08-25,538393.62,42
513,530760,Single Family Dwelling,Capital,2025-02-15,1245270.4,2025-02-28,1247082.16,13
514,532332,Condo,Metro Vancouver,2021-10-25,806429.27,2021-11-09,807367.56,15
515,532656,Townhouse,Metro Vancouver,2025-06-08,1860158.82,2025-07-08,1870081.86,30
516,532971,Townhorse,Thompson-Nicola,2024-03-24,860033.75,2024-04-20,860389.2,27
517,533678,Condo,Metro Vancouver,2024-11-20,707888.16,2025-01-10,712070.27,51
518,536286,Condo,Metro Vancouver,2023-06-19,1385384.54,2023-07-01,1387991.31,12
519,536936,Single Family Dwelling,Metro Vancouver,2024-06-22,2511568.27,2024-07-25,2535616.87,33
520,537246,Condo,Metro Vancouver,2021-05-23,703165.41,2021-06-11,705231.23,19
521,538838,Townhouse,Central Okanagan,2024-12-16,1199199.79,2024-12-28,1200629.77,12
522,540755,Townhouse,Metro Vancouver,2022-08-22,1064732.29,2022-11-08,1079271.96,78
523,541595,Condo,Metro Vancouver,2024-01-26,650145.64,2024-04-05,656770.79,70
524,549606,Single Family Dwelling,Metro Vancouver,2025-09-21,1209780.76,2025-11-23,1216558.33,63
525,550696,Condo,Metro Vancouver,2022-12-20,894853.31,2023-01-24,902820.74,35
526,552056,Condo,Thompson-Nicola,2021-03-29,625607.48,2021-06-12,632607.0,75
527,553025,Single Family Dwelling,Metro Vancouver,2022-10-05,1200773.66,2022-12-23,1214029.54,79
528,553555,Condo,Central Okanagan,2022-08-27,636155.37,2022-09-20,639910.55,24
529,557226,Condo,Nanaimo,2020-09-07,435146.68,2020-10-28,439221.98,51
530,557293,Single Family Dwelling,Metro Vancouver,2024-07-28,1747966.17,2024-08-31,1756241.79,34
531,557948,Condo,Metro Vancouver,2020-08-13,913258.98,2020-10-03,923585.5,51
532,562944,Condo,Fraser Valley,2024-05-05,917755.49,2024-06-28,929358.64,54
533,566849,Condo,Capital,2022-09-23,882583.52,2022-10-06,884883.62,13
534,573595,Condo,Metro Vancouver,2022-01-28,1259916.84,2022-03-24,1270533.91,55
535,578158,Condo,Metro Vancouver,2021-07-28,759871.71,2021-08-26,765155.63,29
536,583682,Townhouse,Nanaimo,2023-06-01,882086.95,2023-06-30,886457.27,29
537,584957,Townhorse,Fraser Valley,2022-12-31,661837.52,2023-02-22,666197.04,53
538,587372,Condo,Metro Vancouver,2022-12-31,1133548.58,2023-02-01,1136167.75,32
539,594842,Condo,Metro Vancouver,2023-01-24,1234073.82,2023-02-25,1240488.64,32
540,595578,Condo,Fraser Valley,2021-10-31,78882.24,2021-12-07,79382.49,37
541,595745,Condo,Metro Vancouver,2024-01-03,1435751.33,2024-03-12,1452723.09,69
542,596610,Single Family Dwelling,Metro Vancouver,2023-06-09,1280590.16,2023-06-21,1283077.42,12
543,596671,Single Family Dwelling,Nanaimo,2022-03-05,1025448.22,2022-03-28,1028338.94,23
544,604127,Single Family Dwelling,Metro Vancouver,2023-09-09,1543877.29,2023-09-12,1544776.92,3
545,607584,Townhorse,Central Okanagan,2021-08-18,868922.7,2021-09-19,872304.24,32
546,616797,Condo,Metro Vancouver,2020-08-13,965152.58,2020-10-02,976002.27,50
547,618966,Townhouse,Capital,2022-03-14,1154930.23,2022-04-08,1160064.15,25
548,625394,Single Family Dwelling,Metro Vancouver,2021-07-20,1361778.19,2021-08-07,1366286.52,18
549,626067,Condo,Metro Vancouver,2020-01-12,876921.53,2020-03-04,880829.21,52
550,630167,Condo,Metro Vancouver,2022-02-01,878604.24,2022-03-09,883838.24,36
551,634434,Single Family Dwelling,Metro Vancouver,2020-04-04,1244759.9,2020-06-08,1257453.18,65
552,634951,Condo,Nanaimo,2021-07-03,272996.11,2021-09-24,276747.11,83
553,648520,Condo,Metro Vancouver,2021-11-03,980880.36,2021-12-11,984994.48,38
554,654178,Condo,Metro Vancouver,2022-10-16,1019893.16,2022-10-23,1020694.34,7
555,656687,Townhouse,Metro Vancouver,2021-07-25,1414877.51,2021-10-17,1439004.75,84
556,678794,Townhouse,Metro Vancouver,2020-10-07,969789.3,2020-12-06,983313.94,60
557,679371,Townhouse,Metro Vancouver,2022-08-16,1299925.16,2022-09-14,1306665.29,29
558,697276,Townhouse,Nanaimo,2021-06-25,586008.71,2021-07-31,590489.17,36
559,698404,Townhouse,Metro Vancouver,2022-07-13,1477991.3,2022-09-05,1491859.72,54
560,705979,Townhouse,Metro Vancouver,2020-05-18,1083522.49,2020-08-11,1100798.4,85
561,710775,Single Family Dwelling,Metro Vancouver,2021-02-19,1256692.61,2021-02-19,1256692.61,0
562,714550,Single Family Dwelling,Metro Vancouver,2021-06-06,1179602.56,2021-07-17,1187555.12,41
563,715076,Single Family Dwelling,Cappital,2021-10-23,823204.21,2021-12-20,830728.29,58
564,737361,Condo,Metro Vancouver,2020-07-19,925578.18,2020-09-28,937742.4,71
565,745214,Townhouse,Central Okanagan,2020-09-30,725359.64,2020-11-29,730784.58,60
